<?xml version="1.0" encoding="utf-8" ?>
<!DOCTYPE article PUBLIC "-//NLM//DTD JATS (Z39.96) Journal Archiving
and Interchange DTD v1.2 20190208//EN" "JATS-archivearticle1.dtd">

<article xmlns:mml="http://www.w3.org/1998/Math/MathML" xmlns:xlink="http://www.w3.org/1999/xlink" dtd-version="1.2" article-type="other">

<front>


<article-meta>


<title-group>
<article-title>A segurança alimentar no Ceará em 2024</article-title>
</title-group>

<contrib-group>
<contrib contrib-type="author" corresp="yes">
<name>
<surname>Lopes</surname>
<given-names>João Victor Batista</given-names>
</name>
<string-name>João Victor Batista Lopes</string-name>

<role vocab="https://credit.niso.org" vocab-term="writing – original
draft" vocab-term-identifier="https://credit.niso.org/contributor-roles/writing-original-draft/">writing</role>
<xref ref-type="aff" rid="aff-1">a</xref>
<xref ref-type="corresp" rid="cor-1">&#x002A;</xref>
</contrib>
</contrib-group>
<aff id="aff-1">
<institution-wrap>
<institution>IPECE - Instituto de Pesquisa e Estratégia Econômica do
Ceará</institution>
</institution-wrap>







</aff>
<author-notes>
<corresp id="cor-1"></corresp>
</author-notes>









<history></history>






</article-meta>

</front>

<body>
<preformat>        R/make_panel_san.R R/pnad2004.R R/pnad2009.R R/pnad2013.R
value   ?                  ?            ?            ?           
visible FALSE              FALSE        FALSE        FALSE       
        R/pnada_labeller.R R/pnadc.R R/pnadc_download.R R/pof.R
value   ?                  ?         ?                  ?      
visible FALSE              FALSE     FALSE              FALSE  
        R/pof_labeller.R R/read_pnada.R R/read_pof.R
value   ?                ?              ?           
visible FALSE            FALSE          FALSE       </preformat>
<sec id="section">
  <title>Section</title>
  <p>This is a simple placeholder for the manuscript’s main document
  (<xref alt="Knuth 1984" rid="ref-knuth84" ref-type="bibr">Knuth
  1984</xref>).</p>
  <preformat>[1] 2</preformat>
</sec>
</body>

<back>
<ref-list>
  <title></title>
  <ref id="ref-knuth84">
    <element-citation publication-type="article-journal">
      <person-group person-group-type="author">
        <name><surname>Knuth</surname><given-names>Donald E.</given-names></name>
      </person-group>
      <article-title>Literate Programming</article-title>
      <source>Comput. J.</source>
      <publisher-name>Oxford University Press, Inc.</publisher-name>
      <publisher-loc>USA</publisher-loc>
      <year iso-8601-date="1984">1984</year>
      <volume>27</volume>
      <issue>2</issue>
      <issn>0010-4620</issn>
      <uri>https://doi.org/10.1093/comjnl/27.2.97</uri>
      <pub-id pub-id-type="doi">10.1093/comjnl/27.2.97</pub-id>
      <fpage>97</fpage>
      <lpage>111</lpage>
    </element-citation>
  </ref>
</ref-list>
</back>

<sub-article article-type="notebook" id="nb-4-nb-article">
<front-stub>
<title-group>
<article-title>A segurança alimentar no Ceará em 2024</article-title>
</title-group>
<contrib-group>
<contrib contrib-type="author" corresp="yes">
<name>
<surname>Lopes</surname>
<given-names>João Victor Batista</given-names>
</name>
<string-name>João Victor Batista Lopes</string-name>

<role vocab="https://credit.niso.org" vocab-term="writing – original
draft" vocab-term-identifier="https://credit.niso.org/contributor-roles/writing-original-draft/">writing</role>
<xref ref-type="aff" rid="aff-1-nb-article">a</xref>
<xref ref-type="corresp" rid="cor-1-nb-article">&#x002A;</xref>
</contrib>
</contrib-group>
<aff id="aff-1-nb-article">
<institution-wrap>
<institution>IPECE - Instituto de Pesquisa e Estratégia Econômica do
Ceará</institution>
</institution-wrap>







</aff>
<author-notes>
<corresp id="cor-1-nb-article"></corresp>
</author-notes>
</front-stub>

<body>
<sec specific-use="notebook-content">
<code language="r script">library(devtools)</code>
<boxed-text>
  <preformat>Carregando pacotes exigidos: usethis</preformat>
</boxed-text>
<code language="r script">library(magrittr)
library(tidyverse)</code>
<boxed-text>
  <preformat>── Attaching core tidyverse packages ──────────────────────── tidyverse 2.0.0 ──
✔ dplyr     1.1.4     ✔ readr     2.1.5
✔ forcats   1.0.1     ✔ stringr   1.6.0
✔ ggplot2   4.0.1     ✔ tibble    3.3.0
✔ lubridate 1.9.4     ✔ tidyr     1.3.1
✔ purrr     1.2.0     </preformat>
</boxed-text>
<boxed-text>
  <preformat>── Conflicts ────────────────────────────────────────── tidyverse_conflicts() ──
✖ tidyr::extract()   masks magrittr::extract()
✖ dplyr::filter()    masks stats::filter()
✖ dplyr::lag()       masks stats::lag()
✖ purrr::set_names() masks magrittr::set_names()
ℹ Use the conflicted package (&lt;http://conflicted.r-lib.org/&gt;) to force all conflicts to become errors</preformat>
</boxed-text>
<code language="r script">funcoes &lt;- list.files(&quot;R&quot;, pattern = &quot;\\.R$&quot;, full.names = TRUE)
sapply(funcoes, source, .GlobalEnv)</code>
<boxed-text>
  <preformat>        R/make_panel_san.R R/pnad2004.R R/pnad2009.R R/pnad2013.R
value   ?                  ?            ?            ?           
visible FALSE              FALSE        FALSE        FALSE       
        R/pnada_labeller.R R/pnadc.R R/pnadc_download.R R/pof.R
value   ?                  ?         ?                  ?      
visible FALSE              FALSE     FALSE              FALSE  
        R/pof_labeller.R R/read_pnada.R R/read_pof.R
value   ?                ?              ?           
visible FALSE            FALSE          FALSE       </preformat>
</boxed-text>
<code language="r script">#' Importante:
#' Para a realização dessa análise é necessário fazer o download dos microdados das
#' pesquisas e seus respectivos inputs de leitura no site do IBGE e salvar na 
#' pasta data/raw_data. A exceçõa é para a PNAD Contínua, que pode ser baixada
#' através da função pnadc_download.
#' 
#' Após colocar os arquivos na pasta, a função make_panel_san() roda o pipeline 
#' completo e salva a tabela necessária para a análise.
#' 
#' pnadc_download()
#' make_panel_san()</code>
</sec>
<sec id="section-nb-article">
  <title>Section</title>
  <p>This is a simple placeholder for the manuscript’s main document
  (<xref alt="Knuth 1984" rid="ref-knuth84-nb-article" ref-type="bibr">Knuth
  1984</xref>).</p>
  <sec specific-use="notebook-content">
  <code language="r script">1 + 1</code>
  <boxed-text>
    <preformat>[1] 2</preformat>
  </boxed-text>
  </sec>
</sec>
</body>



<back>
<ref-list>
  <title></title>
  <ref id="ref-knuth84-nb-article">
    <element-citation publication-type="article-journal">
      <person-group person-group-type="author">
        <name><surname>Knuth</surname><given-names>Donald E.</given-names></name>
      </person-group>
      <article-title>Literate Programming</article-title>
      <source>Comput. J.</source>
      <publisher-name>Oxford University Press, Inc.</publisher-name>
      <publisher-loc>USA</publisher-loc>
      <year iso-8601-date="1984">1984</year>
      <volume>27</volume>
      <issue>2</issue>
      <issn>0010-4620</issn>
      <uri>https://doi.org/10.1093/comjnl/27.2.97</uri>
      <pub-id pub-id-type="doi">10.1093/comjnl/27.2.97</pub-id>
      <fpage>97</fpage>
      <lpage>111</lpage>
    </element-citation>
  </ref>
</ref-list>
</back>


</sub-article>

</article>